trade_date,market,code,name,buy,sell,net,market_cap,net_to_cap_%
20261006,KOSPI,012450,한화에어로스페이스,2044000000,4088000000,-2044000000,52697795822000,-0.0039
20261006,KOSPI,000660,SK하이닉스,326472000000,372856000000,-46384000000,1303198379160000,-0.0036
20261006,KOSPI,007660,이수페타시스,395400000,0,395400000,9675335064200,0.0041
20261006,KOSPI,010950,S-Oil,3125500000,4112500000,-987000000,18519869284000,-0.0053
20261006,KOSPI,403870,HPSP,1992300000,2816700000,-824400000,5654010000000,-0.0146
20261006,KOSPI,005830,DB손해보험,0,0,0,11881763308600,0.0000
20261006,KOSPI,001450,현대해상,0,93100000,-93100000,3968306037500,-0.0023
20261006,KOSPI,000720,현대건설,2030400000,2368800000,-338400000,12560930292000,-0.0027
20261006,KOSPI,017670,SK텔레콤,440000000,352000000,88000000,18901524664000,0.0005
20261006,KOSPI,066570,LG전자,13369000000,11294500000,2074500000,37544909059000,0.0055
20261006,KOSPI,196170,알테오젠,0,259500000,-259500000,18075507013500,-0.0014
20261006,KOSPI,028050,삼성E&A,1290600000,382400000,908200000,9368800000000,0.0097
20261006,KOSPI,034020,두산에너빌리티,7380100000,6082500000,1297600000,51949508940600,0.0025
20261006,KOSPI,011200,HMM,0,1494500000,-1494500000,20138130659500,-0.0074
20261006,KOSPI,047040,대우건설,1521340000,1751310000,-229970000,7268956116220,-0.0032
20261006,KOSPI,066970,엘앤에프,3102500000,4095300000,-992800000,5049155434400,-0.0197
20261006,KOSPI,096770,SK이노베이션,9414000000,10669200000,-1255200000,26524382437200,-0.0047
20261006,KOSPI,375500,DL이앤씨,0,222300000,-222300000,2867197464300,-0.0078
20261006,KOSPI,005930,삼성전자,165255750000,182952000000,-17696250000,1591649351028000,-0.0011
20261006,KOSPI,039030,이오테크닉스,0,0,0,6701835200000,0.0000
20261006,KOSPI,000270,기아,112100000,6277600000,-6165500000,43765297075800,-0.0141
20261006,KOSPI,078930,GS,3137335850,619329500,2518006350,9754026975000,0.0258
20261006,KOSPI,010130,고려아연,3243340000,853165000,2390175000,23043757776000,0.0104
20261006,KOSPI,004370,농심,2591622750,216441000,2375181750,2402643590000,0.0989
20261006,KOSPI,085620,미래에셋생명,2315422050,22790250,2292631800,2771190000000,0.0827
20261006,KOSPI,012330,현대모비스,17043162750,14824031750,2219131000,34131822300000,0.0065
20261006,KOSPI,271560,오리온,2506805000,295698750,2211106250,4194004406800,0.0527
20261006,KOSPI,033780,KT&G,3757203100,1581949400,2175253700,18270640256000,0.0119
20261006,KOSPI,000100,유한양행,4586600400,2445895800,2140704600,5602160934100,0.0382
20261006,KOSPI,086790,하나금융지주,13999039800,11959930950,2039108850,34819633435000,0.0059
20261006,KOSPI,005935,삼성전자우,396000000,5742000000,-5346000000,158869498194000,-0.0034
20261006,KOSPI,067310,하나마이크론,157500000,525000000,-367500000,3490770622500,-0.0105
20261006,KOSPI,039490,키움증권,0,759000000,-759000000,6635763948000,-0.0114
20261006,KOSPI,006400,삼성SDI,6314000000,4592000000,1722000000,46256094220000,0.0037
20261006,KOSPI,402340,SK스퀘어,53360000000,58000000000,-4640000000,153031837680000,-0.0030
20261006,KOSPI,278470,에이피알,718000000,718000000,0,13440297645000,0.0000
20261006,KOSPI,015760,한국전력,0,362400000,-362400000,19387315125400,-0.0019
20261006,KOSPI,319660,피에스케이,0,1383300000,-1383300000,4452183941800,-0.0311
20261006,KOSPI,036930,주성엔지니어링,16051500000,16051500000,0,12863650236750,0.0000
20261006,KOSPI,001040,CJ,0,258200000,-258200000,3766750441800,-0.0069
20261006,KOSPI,005940,NH투자증권,0,0,0,9820882393000,0.0000
20261006,KOSPI,105560,KB금융,5671200000,7506000000,-1834800000,59161914031200,-0.0031
20261006,KOSPI,009150,삼성전기,145725000000,147400000000,-1675000000,125111940800000,-0.0013
20261006,KOSPI,042660,한화오션,0,2856400000,-2856400000,23655114016800,-0.0121
20261006,KOSPI,023530,롯데쇼핑,0,99100000,-99100000,2803415620500,-0.0035
20261006,KOSPI,095610,테스,0,525000000,-525000000,3388000000000,-0.0155
20261006,KOSPI,281820,케이씨텍,0,0,0,2090738601600,0.0000
20261006,KOSPI,005490,POSCO홀딩스,2219000000,2536000000,-317000000,25119564059000,-0.0013
20261006,KOSPI,298040,효성중공업,0,0,0,26062111660000,0.0000
20261006,KOSPI,071050,한국금융지주,0,710400000,-710400000,9896936179200,-0.0072
20261006,KOSPI,082740,한화엔진,190000000,570000000,-380000000,3963739245000,-0.0096
20261006,KOSPI,005380,현대차,3817000000,11104000000,-7287000000,70602872724000,-0.0103
20261006,KOSPI,009540,HD한국조선해양,1266000000,3165000000,-1899000000,22399691214000,-0.0085
20261006,KOSPI,064350,현대로템,0,1675500000,-1675500000,12191194128100,-0.0137
20261006,KOSPI,272210,한화시스템,5846400000,4547200000,1299200000,15340254386800,0.0085
20261006,KOSPI,030200,KT,0,463500000,-463500000,12979116777500,-0.0036
20261006,KOSPI,010780,아이에스동서,0,0,0,439627839720,0.0000
20261006,KOSPI,051910,LG화학,2497500000,1110000000,1387500000,19589374627500,0.0071
20261006,KOSPI,016360,삼성증권,0,1154400000,-1154400000,7929840000000,-0.0146
20261006,KOSPI,036570,NC,3521829500,5983873500,-2462044000,4836632939000,-0.0509
20261006,KOSPI,103140,풍산,2111945150,128794950,1983150200,2113030561200,0.0939
20261006,KOSPI,003490,대한항공,4247954975,2527282100,1720672875,11396427848550,0.0151
20261006,KOSPI,032830,삼성생명,14106152500,12470839500,1635313000,56600000000000,0.0029
20261006,KOSPI,051900,LG생활건강,2417585000,841589250,1575995750,3961025833500,0.0398
20261006,KOSPI,112610,씨에스윈드,1668460550,117703950,1550756600,2420638532200,0.0641
20261006,KOSPI,028260,삼성물산,21176499750,19642731500,1533768250,55299145121000,0.0028
20261006,KOSPI,257720,실리콘투,2767119650,1238516150,1528603500,2406648448400,0.0635
20261006,KOSPI,097950,CJ제일제당,1587795000,180716400,1407078600,2703731805600,0.0520
20261006,KOSPI,214450,파마리서치,1937915750,589518750,1348397000,3153258168000,0.0428
20261006,KOSPI,000370,한화손해보험,1242818115,0,1242818115,841687577150,0.1477
20261006,KOSPI,483650,달바글로벌,2111261750,872046000,1239215750,2274933164000,0.0545
20261006,KOSPI,031980,피에스케이홀딩스,2676982700,1451524100,1225458600,4228385659500,0.0290
20261006,KOSPI,207940,삼성바이오로직스,6164824500,5062014000,1102810500,60363400104000,0.0018
20261006,KOSPI,082920,비츠로셀,1099920050,63653350,1036266700,1351927336150,0.0767
20261006,KOSPI,120110,코오롱인더,1332943300,303969100,1028974200,1712913030400,0.0601
20261006,KOSPI,006360,GS건설,2312423200,1341627800,970795400,2819910095500,0.0344
20261006,KOSPI,267250,HD현대,3029890500,2086087750,943802750,15419450192000,0.0061
20261006,KOSPI,088350,한화생명,1203285975,274642915,928643060,4594523700000,0.0202
20261006,KOSPI,017800,현대엘리베이터,1170363600,277703200,892660400,2857653343500,0.0312
20261006,KOSPI,336260,두산퓨얼셀,1077522100,186271500,891250600,3091303867200,0.0288
20261006,KOSPI,282330,BGF리테일,1002597100,113175450,889421650,2200241233800,0.0404
20261006,KOSPI,329180,HD현대중공업,11480859250,10611009000,869850250,43978753275000,0.0020
20261006,KOSPI,267270,HD건설기계,1847519900,987060350,860459550,5604691548000,0.0154
20261006,KOSPI,280360,롯데웰푸드,858595900,6451400,852144500,1097185220800,0.0777
20261006,KOSPI,090460,비에이치,848877345,8206590,840670755,755138451200,0.1113
20261006,KOSPI,005180,빙그레,806591150,9775500,796815650,738290383500,0.1079
20261006,KOSPI,000250,삼천당제약,4602659650,3827008250,775651400,5653250752000,0.0137
20261006,KOSPI,035420,NAVER,14762300000,13994371500,767928500,28989186731400,0.0026
20261006,KOSPI,086280,현대글로비스,2571204550,1808521150,762683400,14985000000000,0.0051
20261006,KOSPI,086520,에코프로,5006849100,4272886800,733962300,12885156824800,0.0057
20261006,KOSPI,111770,영원무역,1330892000,619586750,711305250,2999886383600,0.0237
20261006,KOSPI,006730,서부T&D,681256995,9080890,672176105,734042460660,0.0916
20261006,KOSPI,087010,펩트론,670149650,0,670149650,3028923765000,0.0221
20261006,KOSPI,247540,에코프로비엠,4013073400,3366545750,646527650,12532078595400,0.0052
20261006,KOSPI,062040,산일전기,934190950,308900250,625290700,7155105475000,0.0087
20261006,KOSPI,007340,DN오토모티브,2250595150,1642720050,607875100,2896287817500,0.0210
20261006,KOSPI,000120,CJ대한통운,680548200,84765300,595782900,1585457908000,0.0376
20261006,KOSPI,475830,오름테라퓨틱,590775850,0,590775850,442671840600,0.1335
20261006,KOSPI,108490,로보티즈,586764500,3057000,583707500,4620113820000,0.0126
20261006,KOSPI,003550,LG,1992543300,1430822950,561720350,17356842059200,0.0032
20261006,KOSPI,294870,IPARK현대산업개발,555526825,0,555526825,1440075160500,0.0386
20261006,KOSPI,357780,솔브레인,565726500,26671500,539055000,3286444135000,0.0164
20261006,KOSPI,060250,NHN KCP,529733200,22384390,507348810,548192340150,0.0925
20261006,KOSPI,005950,이수화학,505459780,0,505459780,311848844340,0.1621
20261006,KOSPI,031210,서울보증보험,682418825,179360000,503058825,2925524956200,0.0172
20261006,KOSPI,083650,비에이치아이,498061550,2218200,495843350,1800962625000,0.0275
20261006,KOSPI,139130,iM금융지주,1263547805,780304680,483243125,2962979363680,0.0163
20261006,KOSPI,373220,LG에너지솔루션,16435340500,15963505250,471835250,91026000000000,0.0005
20261006,KOSPI,058970,엠로,461415780,0,461415780,212021917100,0.2176
20261006,KOSPI,001440,대한전선,3208075600,2748317175,459758425,6183566403800,0.0074
20261006,KOSPI,356860,티엘비,535617450,83349175,452268275,1183877937000,0.0382
20261006,KOSPI,003690,코리안리,457233790,7195270,450038520,2548317267020,0.0177
20261006,KOSPI,018670,SK가스,468217000,18933500,449283500,2382195708000,0.0189
20261006,KOSPI,285130,SK케미칼,483370300,50839400,432530900,897805955400,0.0482
20261006,KOSPI,036460,한국가스공사,539153200,125175025,413978175,3327883650000,0.0124
20261006,KOSPI,192820,코스맥스,1182993000,769570000,413423000,3348105155000,0.0123
20261006,KOSPI,008930,한미사이언스,504242750,115154075,389088675,3932514125000,0.0099
20261006,KOSPI,090430,아모레퍼시픽,2462679500,2083810400,378869100,7703496360300,0.0049
20261006,KOSPI,017960,한국카본,542679350,164433850,378245500,1056784138700,0.0358
20261006,KOSPI,093370,후성,683250635,307438585,375812050,1746116772400,0.0215
20261006,KOSPI,001120,LX인터내셔널,650058700,275555950,374502750,1670556000000,0.0224
20261006,KOSPI,131970,두산테스나,364660000,1538600,363121400,2315403112400,0.0157
20261006,KOSPI,030190,NICE평가정보,361470290,0,361470290,939292104920,0.0385
20261006,KOSPI,127120,제이에스링크,350796700,0,350796700,1122518005700,0.0313
20261006,KOSPI,064760,티씨케이,899821000,558560500,341260500,3297927720000,0.0103
20261006,KOSPI,003570,SNT다이내믹스,338995250,0,338995250,1024183067600,0.0331
20261006,KOSPI,443060,HD현대마린솔루션,2100240900,1796022850,304218050,10065111770000,0.0030
20261006,KOSPI,377300,카카오페이,589276325,290518400,298757925,5466145128800,0.0055
20261006,KOSPI,317400,자이에스앤디,294361850,0,294361850,397520830000,0.0740
20261006,KOSPI,131290,티에스이,330167000,46615000,283552000,3390327988500,0.0084
20261006,KOSPI,009420,한올바이오파마,539143000,257679500,281463500,2491878432600,0.0113
20261006,KOSPI,005850,에스엘,904750400,625923200,278827200,2396743632000,0.0116
20261006,KOSPI,001720,신영증권,275955600,0,275955600,2313108000000,0.0119
20261006,KOSPI,005430,한국공항,275226200,0,275226200,302703538000,0.0909
20261006,KOSPI,300720,한일시멘트,304259335,29319390,274939945,1177458796090,0.0234
20261006,KOSPI,454910,두산로보틱스,1901230100,1637636650,263593450,4829088510000,0.0055
20261006,KOSPI,161890,한국콜마,3360465550,3106463250,254002300,3290547733800,0.0077
20261006,KOSPI,009450,경동나비엔,252355100,3582300,248772800,887227252800,0.0280
20261006,KOSPI,039200,오스코텍,252225025,4516100,247708925,1490155955200,0.0166
20261006,KOSPI,393890,더블유씨피,265183495,22356020,242827475,369905563920,0.0656
20261006,KOSPI,439260,대한조선,249110950,8081800,241029150,1816832421000,0.0133
20261006,KOSPI,195940,HK이노엔,261718025,21217275,240500750,1167191509200,0.0206
20261006,KOSPI,098120,마이크로컨텍솔,237300025,0,237300025,501259789800,0.0473
20261006,KOSPI,061970,LB세미콘,232906435,0,232906435,339902579100,0.0685
20261006,KOSPI,123330,제닉,229497500,870000,228627500,170928186000,0.1338
20261006,KOSPI,012750,에스원,394339900,167834200,226505700,3199530787600,0.0071
20261006,KOSPI,192080,더블유게임즈,298285200,74832900,223452300,1200535635600,0.0186
20261006,KOSPI,102710,이엔에프테크놀로지,247776700,26057800,221718900,710105449200,0.0312
20261006,KOSPI,251970,펌텍코리아,256146400,36159250,219987150,781200000000,0.0282
20261006,KOSPI,008730,율촌화학,211472500,3627230,207845270,390600000000,0.0532
20261006,KOSPI,316140,우리금융지주,5904190175,5702626925,201563250,24534992348100,0.0008
20261006,KOSPI,028670,팬오션,334814900,136728475,198086425,3191379986640,0.0062
20261006,KOSPI,052710,아모텍,178886410,1185930,177700480,425922240000,0.0417
20261006,KOSPI,125490,한라캐스트,192923000,20383710,172539290,498622128320,0.0346
20261006,KOSPI,004490,세방전지,175432850,5496700,169936150,892584000000,0.0190
20261006,KOSPI,098070,한텍,167781850,0,167781850,260790756450,0.0643
20261006,KOSPI,035250,강원랜드,311410660,148102480,163308180,3050791530000,0.0054
20261006,KOSPI,484870,엠앤씨솔루션,162326440,0,162326440,527264640000,0.0308
20261006,KOSPI,166090,하나머티리얼즈,167001350,7387500,159613850,1281593275200,0.0125
20261006,KOSPI,096530,씨젠,156238950,0,156238950,1733846314200,0.0090
20261006,KOSPI,310210,보로노이,156129000,0,156129000,2866950702000,0.0054
20261006,KOSPI,226950,올릭스,160219750,14990250,145229500,2777840811900,0.0052
20261006,KOSPI,073240,금호타이어,418280225,275348770,142931455,1913153511420,0.0075
20261006,KOSPI,004000,롯데정밀화학,210274375,68503275,141771100,1096500000000,0.0129
20261006,KOSPI,010955,S-Oil우,139475600,0,139475600,349505456300,0.0399
20261006,KOSPI,006800,미래에셋증권,5302457175,5163002900,139454275,17268069421800,0.0008
20261006,KOSPI,000240,한국앤컴퍼니,188551400,54768375,133783025,2389994667000,0.0056
20261006,KOSPI,030610,교보증권,133576500,0,133576500,1125954054680,0.0119
20261006,KOSPI,033500,동성화인텍,138255400,4826820,133428580,484930117980,0.0275
20261006,KOSPI,009900,명신산업,133311255,0,133311255,452292546460,0.0295
20261006,KOSPI,077500,유니퀘스트,129832780,0,129832780,218593032240,0.0594
20261006,KOSPI,011210,현대위아,224178100,97595600,126582500,1454936940500,0.0087
20261006,KOSPI,322000,HD현대에너지솔루션,156312900,30173750,126139150,1677760000000,0.0075
20261006,KOSPI,399720,가온칩스,122566550,0,122566550,573375107400,0.0214
20261006,KOSPI,105630,한세실업,122074215,0,122074215,353600000000,0.0345
20261006,KOSPI,018880,한온시스템,298639000,177716431,120922569,3981855206960,0.0030
20261006,KOSPI,003030,세아제강지주,157715500,38473100,119242400,464279749700,0.0257
20261006,KOSPI,340570,티앤엘,121360900,5393725,115967175,463622962000,0.0250
20261006,KOSPI,005440,현대지에프홀딩스,155187220,39830945,115356275,2270457323620,0.0051
20261006,KOSPI,034220,LG디스플레이,846325910,737846040,108479870,4270000000000,0.0025
20261006,KOSPI,001820,삼화콘덴서,107700750,5490450,102210300,1655923500000,0.0062
20261006,KOSPI,004020,현대제철,428191650,326163625,102028025,3970012103750,0.0026
20261006,KOSPI,059090,미코,104905970,3013770,101892200,800331833100,0.0127
20261006,KOSPI,140860,파크시스템스,124943000,24851000,100092000,2153259217500,0.0046
20261006,KOSPI,029780,삼성카드,222747550,123605375,99142175,4819729865600,0.0021
20261006,KOSPI,302440,SK바이오사이언스,183718300,84752450,98965850,2918583771600,0.0034
20261006,KOSPI,080220,제주반도체,96769200,0,96769200,3203183469000,0.0030
20261006,KOSPI,026960,동서,168286775,71642800,96643975,2627095000000,0.0037
20261006,KOSPI,000990,DB하이텍,495835950,401287800,94548150,6051488190800,0.0016
20261006,KOSPI,004990,롯데지주,152898175,59605925,93292250,2312199603200,0.0040
20261006,KOSPI,084370,유진테크,96935800,5465900,91469900,4147803602000,0.0022
20261006,KOSPI,284740,쿠쿠홈시스,108144250,16827050,91317200,549714585000,0.0166
20261006,KOSPI,006120,SK디스커버리,140583800,51425700,89158100,1147566190900,0.0078
20261006,KOSPI,028300,HLB,87011600,0,87011600,6320255681350,0.0014
20261006,KOSPI,347850,디앤디파마텍,85357750,585000,84772750,2198617834200,0.0039
20261006,KOSPI,004800,효성,131509950,47717900,83792050,2638288143200,0.0032
20261006,KOSPI,251270,넷마블,280780700,198769475,82011225,2856491898750,0.0029
20261006,KOSPI,007070,GS리테일,186858200,106443225,80414975,1847723871500,0.0044
20261006,KOSPI,456040,OCI,133522100,56098200,77423900,660694131000,0.0117
20261006,KOSPI,104830,원익머트리얼즈,83933075,6891300,77041775,525753600000,0.0147
20261006,KOSPI,003380,하림지주,77001620,426600,76575020,1281344304240,0.0060
20261006,KOSPI,000210,DL,128187300,54599350,73587950,1033125081200,0.0071
20261006,KOSPI,036800,나이스정보통신,71235015,0,71235015,378560000000,0.0188
20261006,KOSPI,348210,넥스틴,71150000,0,71150000,423794852250,0.0168
20261006,KOSPI,020150,롯데에너지머티리얼즈,72764500,1810500,70954000,2827735002000,0.0025
20261006,KOSPI,069620,대웅제약,122282000,53056100,69225900,1261778017500,0.0055
20261006,KOSPI,028100,동아지질,67233970,0,67233970,220851262560,0.0304
20261006,KOSPI,003120,일성아이에스,65857830,0,65857830,293265000000,0.0225
20261006,KOSPI,006280,녹십자,127932000,63823900,64108100,1488864941200,0.0043
20261006,KOSPI,499790,GS피앤엘,89237050,25612350,63624700,751588873900,0.0085
20261006,KOSPI,017810,풀무원,85502290,21880275,63622015,336223180440,0.0189
20261006,KOSPI,462870,시프트업,63180900,0,63180900,1797501834000,0.0035
20261006,KOSPI,095340,ISC,628907750,565799000,63108750,4355995419000,0.0014
20261006,KOSPI,078600,대주전자재료,68071800,6852050,61219750,1746300145600,0.0035
20261006,KOSPI,180640,한진칼,551270700,494266700,57004000,8892735030000,0.0006
20261006,KOSPI,006040,동원산업,92287600,37127975,55159625,1544928665000,0.0036
20261006,KOSPI,058610,에스피지,59440850,4680800,54760050,2344146952000,0.0023
20261006,KOSPI,064400,LG씨엔에스,1105163950,1051637900,53526050,7082362798800,0.0008
20261006,KOSPI,007310,오뚜기,92330000,38805000,53525000,1258458620000,0.0043
20261006,KOSPI,003530,한화투자증권,51450347,0,51450347,990137981625,0.0052
20261006,KOSPI,123890,한국자산신탁,48164175,0,48164175,296144900920,0.0163
20261006,KOSPI,185750,종근당,58431900,10320000,48111900,904082090000,0.0053
20261006,KOSPI,041830,인바디,81197800,34933900,46263900,703702040400,0.0066
20261006,KOSPI,007160,사조산업,45674050,0,45674050,237750000000,0.0192
20261006,KOSPI,097230,HJ중공업,48512415,2974230,45538185,1382421716640,0.0033
20261006,KOSPI,005300,롯데칠성,77106650,31591100,45515550,876854538000,0.0052
20261006,KOSPI,298050,HS효성첨단소재,73925000,30110300,43814700,732023503200,0.0060
20261006,KOSPI,081660,미스토홀딩스,212178650,168733700,43444950,2067927168000,0.0021
20261006,KOSPI,089030,테크윙,44660075,2135350,42524725,2108352400500,0.0020
20261006,KOSPI,089860,롯데렌탈,39936000,0,39936000,1848147849200,0.0022
20261006,KOSPI,214320,이노션,45498070,6260845,39237225,717200000000,0.0055
20261006,KOSPI,000400,롯데손해보험,39201843,0,39201843,668774769600,0.0059
20261006,KOSPI,092230,KPX홀딩스,38489500,0,38489500,375136855000,0.0103
20261006,KOSPI,001800,오리온홀딩스,82917250,46287550,36629700,1353524670000,0.0027
20261006,KOSPI,075580,세진중공업,36350090,0,36350090,569063054560,0.0064
20261006,KOSPI,214370,케어젠,38407950,2284200,36123750,2299002000000,0.0016
20261006,KOSPI,036540,SFA반도체,35730425,0,35730425,1925830148130,0.0019
20261006,KOSPI,100090,SK오션플랜트,37940670,3550395,34390275,795346582170,0.0043
20261006,KOSPI,060370,LS마린솔루션,33660800,0,33660800,1812688233800,0.0019
20261006,KOSPI,072710,농심홀딩스,33609100,0,33609100,409980636000,0.0082
20261006,KOSPI,034230,파라다이스,70926785,37399685,33527100,871642484620,0.0038
20261006,KOSPI,074600,원익QnC,37509300,4028150,33481150,858303200000,0.0039
20261006,KOSPI,014620,성광벤드,38376875,5119750,33257125,800704524600,0.0042
20261006,KOSPI,319400,현대무벡스,33129275,0,33129275,2333328017050,0.0014
20261006,KOSPI,007390,네이처셀,32935175,0,32935175,1597989388800,0.0021
20261006,KOSPI,248070,솔루엠,31924995,0,31924995,799009303560,0.0040
20261006,KOSPI,323280,태성,30146650,0,30146650,1865870578000,0.0016
20261006,KOSPI,071970,HD현대마린엔진,152357000,122266550,30090450,1597702414500,0.0019
20261006,KOSPI,020560,아시아나항공,30082155,0,30082155,1699423365750,0.0018
20261006,KOSPI,034310,NICE,29871370,0,29871370,430793880040,0.0069
20261006,KOSPI,001740,SK네트웍스,50980970,21418585,29562385,1311884034060,0.0023
20261006,KOSPI,052400,코나아이,29168725,0,29168725,534472779700,0.0055
20261006,KOSPI,397030,에이프릴바이오,30723200,1626500,29096700,439562572900,0.0066
20261006,KOSPI,064960,SNT모티브,46481500,17722925,28758575,707298248800,0.0041
20261006,KOSPI,077970,STX엔진,54344125,25600675,28743450,927420255300,0.0031
20261006,KOSPI,100840,SNT에너지,30946900,2777400,28169500,680770170600,0.0041
20261006,KOSPI,111380,동인기연,27549950,0,27549950,78315840000,0.0352
20261006,KOSPI,453340,현대그린푸드,27345310,0,27345310,608192824510,0.0045
20261006,KOSPI,065680,우주일렉트로,26665000,0,26665000,222847610150,0.0120
20261006,KOSPI,001680,대상,78481270,52222300,26258970,607033398000,0.0043
20261006,KOSPI,000670,영풍,40178600,15985800,24192800,758520139600,0.0032
20261006,KOSPI,079900,전진건설로봇,23456750,0,23456750,581512918250,0.0040
20261006,KOSPI,004690,삼천리,41423500,18341200,23082300,462414067500,0.0050
20261006,KOSPI,089590,제주항공,22811815,0,22811815,359255588175,0.0063
20261006,KOSPI,121600,나노신소재,22789650,0,22789650,784780224000,0.0029
20261006,KOSPI,041510,에스엠,51705750,29403550,22302200,1783496351000,0.0013
20261006,KOSPI,114090,GKL,22043300,0,22043300,518969071300,0.0042
20261006,KOSPI,003460,유화증권,21997720,0,21997720,169823732925,0.0130
20261006,KOSPI,037710,광주신세계,21735950,0,21735950,257035696400,0.0085
20261006,KOSPI,214430,아이쓰리시스템,20984100,0,20984100,588961529000,0.0036
20261006,KOSPI,003280,흥아해운,20873165,0,20873165,435890341887,0.0048
20261006,KOSPI,033160,엠케이전자,20791780,0,20791780,479736052740,0.0043
20261006,KOSPI,032500,케이엠더블유,20789440,0,20789440,879696965850,0.0024
20261006,KOSPI,358570,지아이이노베이션,19988410,0,19988410,579998893940,0.0034
20261006,KOSPI,326030,SK바이오팜,339661800,319688950,19972850,5998794950000,0.0003
20261006,KOSPI,336370,솔루스첨단소재,19683060,0,19683060,661399847160,0.0030
20261006,KOSPI,032820,우리기술,19682865,0,19682865,2215098725840,0.0009
20261006,KOSPI,200880,서연이화,18899570,0,18899570,301907641290,0.0063
20261006,KOSPI,050890,쏠리드,18586505,0,18586505,640981433700,0.0029
20261006,KOSPI,272290,이녹스첨단소재,17481050,0,17481050,454575205200,0.0038
20261006,KOSPI,108320,LX세미콘,16649225,0,16649225,619669830000,0.0027
20261006,KOSPI,105840,우진,18888090,2804700,16083390,269032964400,0.0060
20261006,KOSPI,000070,삼양홀딩스,15932400,0,15932400,441725567900,0.0036
20261006,KOSPI,161000,애경케미칼,15263450,0,15263450,549243924610,0.0028
20261006,KOSPI,194370,제이에스코퍼레이션,23714670,8534410,15180260,356325788240,0.0043
20261006,KOSPI,064290,인텍플러스,25728750,10856450,14872300,787701706800,0.0019
20261006,KOSPI,000080,하이트진로,57169960,42394405,14775555,1033068090030,0.0014
20261006,KOSPI,053690,한미글로벌,14560990,0,14560990,225725530000,0.0065
20261006,KOSPI,249420,일동제약,14373190,0,14373190,465082304400,0.0031
20261006,KOSPI,016380,KG스틸,23240310,8982740,14257570,570050712900,0.0025
20261006,KOSPI,036530,SNT홀딩스,14120200,0,14120200,730414092800,0.0019
20261006,KOSPI,009240,한샘,42284500,28598200,13686300,941357120000,0.0015
20261006,KOSPI,415640,KB발해인프라,13681130,0,13681130,1223004569040,0.0011
20261006,KOSPI,001510,SK증권,13494790,0,13494790,538917548050,0.0025
20261006,KOSPI,069260,TKG휴켐스,45713120,32364590,13348530,647925619800,0.0021
20261006,KOSPI,009680,모토닉,13318170,0,13318170,217330940000,0.0061
20261006,KOSPI,192400,쿠쿠홀딩스,12885750,0,12885750,947732230250,0.0014
20261006,KOSPI,137400,피엔티,12882500,0,12882500,790085778800,0.0016
20261006,KOSPI,099320,쎄트렉아이,14605300,1779100,12826200,894719412600,0.0014
20261006,KOSPI,268280,미원에스씨,14368300,1648000,12720300,612000000000,0.0021
20261006,KOSPI,189300,인텔리안테크,12132250,0,12132250,803164775600,0.0015
20261006,KOSPI,005070,코스모신소재,11956100,0,11956100,1589317222350,0.0008
20261006,KOSPI,178920,PI첨단소재,11852060,0,11852060,597604652700,0.0020
20261006,KOSPI,210540,디와이파워,23025125,11402200,11622925,122231707560,0.0095
20261006,KOSPI,003240,태광산업,11369000,0,11369000,1017647600000,0.0011
20261006,KOSPI,281740,레이크머티리얼즈,11286170,0,11286170,857783651400,0.0013
20261006,KOSPI,279570,케이뱅크,11065925,0,11065925,2235380282010,0.0005
20261006,KOSPI,060280,큐렉소,10982800,0,10982800,368449924700,0.0030
20261006,KOSPI,068760,셀트리온제약,10951550,0,10951550,1753892114000,0.0006
20261006,KOSPI,065350,신성델타테크,10372500,0,10372500,926209047600,0.0011
20261006,KOSPI,034120,SBS,19203450,8871800,10331650,216678459840,0.0048
20261006,KOSPI,078520,에이블씨엔씨,9690940,0,9690940,275596223040,0.0035
20261006,KOSPI,017940,E1,30969200,21449300,9519900,620144000000,0.0015
20261006,KOSPI,044490,태웅,9480925,0,9480925,751277156550,0.0013
20261006,KOSPI,445680,큐리옥스바이오시스템즈,9341550,0,9341550,1054151578800,0.0009
20261006,KOSPI,033100,제룡전기,9174100,0,9174100,807939172700,0.0011
20261006,KOSPI,253450,스튜디오드래곤,9986650,949450,9037200,614696284100,0.0015
20261006,KOSPI,043260,성호전자,10897295,1877885,9019410,2437094690400,0.0004
20261006,KOSPI,145990,삼양사,8562050,0,8562050,472355964200,0.0018
20261006,KOSPI,011930,신성이엔지,8460490,0,8460490,409169567300,0.0021
20261006,KOSPI,030520,한컴,8382760,0,8382760,444665492160,0.0019
20261006,KOSPI,014820,동원시스템즈,18241700,10076850,8164850,639257768100,0.0013
20261006,KOSPI,042000,카페24,7953370,0,7953370,551262253200,0.0014
20261006,KOSPI,010690,화신,7795590,0,7795590,269585565200,0.0029
20261006,KOSPI,008490,서흥,7715400,0,7715400,233117626950,0.0033
20261006,KOSPI,078350,한양디지텍,10594450,2890400,7704050,557944381200,0.0014
20261006,KOSPI,089970,브이엠,164697200,157415500,7281700,1864235763000,0.0004
20261006,KOSPI,317450,명인제약,7153900,0,7153900,631450000000,0.0011
20261006,KOSPI,006340,대원전선,118878040,112013465,6864575,1049184886080,0.0007
20261006,KOSPI,084010,대한제강,14577580,8044550,6533030,316218683200,0.0021
20261006,KOSPI,035150,백산,6372590,0,6372590,207794040290,0.0031
20261006,KOSPI,036830,솔브레인홀딩스,7264800,1954700,5310100,1011871462350,0.0005
20261006,KOSPI,053800,안랩,5310100,0,5310100,998047588200,0.0005
20261006,KOSPI,306200,세아제강,9233150,4043000,5190150,440761020000,0.0012
20261006,KOSPI,005810,풍산홀딩스,4877400,0,4877400,526952022600,0.0009
20261006,KOSPI,085910,네오티스,29379720,24529980,4849740,276586100900,0.0018
20261006,KOSPI,082270,젬백스,4331980,0,4331980,502105680480,0.0009
20261006,KOSPI,015750,성우하이텍,4260510,0,4260510,477600000000,0.0009
20261006,KOSPI,161580,필옵틱스,4155550,0,4155550,978713812250,0.0004
20261006,KOSPI,171090,선익시스템,4052800,0,4052800,763623000400,0.0005
20261006,KOSPI,083500,에프엔에스테크,4048900,0,4048900,119445701260,0.0034
20261006,KOSPI,124500,아이티센글로벌,6443750,2982725,3461025,694975583650,0.0005
20261006,KOSPI,013580,계룡건설,3161425,0,3161425,192461045850,0.0016
20261006,KOSPI,003830,대한화섬,2967800,0,2967800,144752000000,0.0021
20261006,KOSPI,002350,넥센타이어,2831320,0,2831320,556706898900,0.0005
20261006,KOSPI,003850,보령,2761060,0,2761060,730049131570,0.0004
20261006,KOSPI,012630,HDC,64304200,61715800,2588400,1377046669050,0.0002
20261006,KOSPI,352820,하이브,2159974250,2157449100,2525150,6754841201200,0.0000
20261006,KOSPI,404990,신한서부티엔디리츠,2228202,0,2228202,235418425200,0.0009
20261006,KOSPI,002020,코오롱,3167600,1328050,1839550,305912016000,0.0006
20261006,KOSPI,187790,나노,3263985,2219320,1044665,97611226950,0.0011
20261006,KOSPI,025880,케이씨피드,540625,0,540625,38947949140,0.0014
20261006,KOSPI,009520,포스코엠텍,469100,116100,353000,560927209410,0.0001
20261006,KOSPI,012790,신일제약,176100,0,176100,77312376750,0.0002
20261006,KOSPI,002840,미원상사,3208700,3207000,1700,609300000000,0.0000
20261006,KOSPI,071320,지역난방공사,17634900,17634000,900,912405027200,0.0000
20261006,KOSPI,005420,코스모화학,5132810,5132710,100,455905666360,0.0000
20261006,KOSPI,357580,아모센스,0,331815,-331815,96322355540,-0.0003
20261006,KOSPI,282720,금양그린파워,0,440300,-440300,94774490000,-0.0005
20261006,KOSPI,425420,티에프이,0,460250,-460250,842077744200,-0.0001
20261006,KOSPI,403850,더핑크퐁컴퍼니,0,494610,-494610,179387625000,-0.0003
20261006,KOSPI,073110,엘엠에스,0,788565,-788565,46702713750,-0.0017
20261006,KOSPI,051500,CJ프레시웨이,0,844450,-844450,255239099000,-0.0003
20261006,KOSPI,009970,영원무역홀딩스,199266200,200199750,-933550,2082973773600,-0.0000
20261006,KOSPI,448280,에코아이,0,945390,-945390,276458433570,-0.0003
20261006,KOSPI,037460,삼지전자,0,1745300,-1745300,532799743300,-0.0003
20261006,KOSPI,091580,상신이디피,0,1779610,-1779610,329207009300,-0.0005
20261006,KOSPI,317330,덕산테코피아,0,1873370,-1873370,278686308240,-0.0007
20261006,KOSPI,092870,엑시콘,0,2384750,-2384750,699522719200,-0.0003
20261006,KOSPI,484120,도우인시스,0,2393120,-2393120,250924963800,-0.0010
20261006,KOSPI,017860,DS단석,0,2411400,-2411400,229320705660,-0.0011
20261006,KOSPI,494120,큐리오시스,0,2818150,-2818150,160227522000,-0.0018
20261006,KOSPI,129920,대성하이텍,0,2939435,-2939435,116178176400,-0.0025
20261006,KOSPI,484590,삼양컴텍,0,3225530,-3225530,300836285000,-0.0011
20261006,KOSPI,122870,와이지엔터테인먼트,8402500,11759075,-3356575,760725694300,-0.0004
20261006,KOSPI,234340,헥토파이낸셜,0,3629245,-3629245,329707481600,-0.0011
20261006,KOSPI,365340,성일하이텍,0,3642000,-3642000,502631373500,-0.0007
20261006,KOSPI,093320,케이아이엔엑스,0,4079000,-4079000,625128000000,-0.0007
20261006,KOSPI,021240,코웨이,490313100,494433900,-4120800,7090896085200,-0.0001
20261006,KOSPI,145720,덴티움,0,4417675,-4417675,346249223650,-0.0013
20261006,KOSPI,298380,에이비엘바이오,146305300,150740550,-4435250,2928144314900,-0.0002
20261006,KOSPI,475400,씨메스로보틱스,0,4492600,-4492600,226338157980,-0.0020
20261006,KOSPI,042600,새로닉스,0,4649220,-4649220,150325245400,-0.0031
20261006,KOSPI,001390,KG케미칼,0,4696685,-4696685,279559307560,-0.0017
20261006,KOSPI,327260,RF머트리얼즈,0,4770075,-4770075,1036074700800,-0.0005
20261006,KOSPI,278280,천보,0,5085350,-5085350,480931231250,-0.0011
20261006,KOSPI,456160,지투지바이오,0,5176850,-5176850,720054145800,-0.0007
20261006,KOSPI,011760,현대코퍼레이션,0,5638050,-5638050,328078356800,-0.0017
20261006,KOSPI,079960,동양이엔피,0,5901370,-5901370,127925086520,-0.0046
20261006,KOSPI,263750,펄어비스,179493375,185898850,-6405475,2070706834500,-0.0003
20261006,KOSPI,347700,스피어,1708775,8208975,-6500200,1382865285650,-0.0005
20261006,KOSPI,002960,한국쉘석유,15784000,22322000,-6538000,677300000000,-0.0010
20261006,KOSPI,023160,태광,0,6540300,-6540300,691948723500,-0.0009
20261006,KOSPI,002100,경농,0,6854060,-6854060,176093626500,-0.0039
20261006,KOSPI,267980,매일유업,0,6909500,-6909500,271675967100,-0.0025
20261006,KOSPI,003090,대웅,42211995,49315460,-7103465,888990874200,-0.0008
20261006,KOSPI,005385,현대차우,0,7116400,-7116400,4076768104500,-0.0002
20261006,KOSPI,011785,금호석유화학우,0,8446700,-8446700,149209034100,-0.0057
20261006,KOSPI,104700,한국철강,0,9661120,-9661120,343359000000,-0.0028
20261006,KOSPI,000815,삼성화재우,0,9677000,-9677000,1183262370000,-0.0008
20261006,KOSPI,066575,LG전자우,0,10070600,-10070600,1400275868500,-0.0007
20261006,KOSPI,001430,세아베스틸지주,202454600,212712400,-10257800,1692692016800,-0.0006
20261006,KOSPI,222800,심텍,3416265650,3427343950,-11078300,6727095144800,-0.0002
20261006,KOSPI,137310,에스디바이오센서,28897360,40417940,-11520580,776416725860,-0.0015
20261006,KOSPI,248170,샘표식품,0,11628750,-11628750,99780122600,-0.0117
20261006,KOSPI,331740,아우토크립트,0,12474450,-12474450,70987214480,-0.0176
20261006,KOSPI,003470,유안타증권,8584067,21792255,-13208188,830451239620,-0.0016
20261006,KOSPI,006110,삼아알미늄,12107300,27005400,-14898100,1048055431500,-0.0014
20261006,KOSPI,071055,한국금융지주우,0,15167800,-15167800,831285816900,-0.0018
20261006,KOSPI,058470,리노공업,1245876050,1261141750,-15265700,6645673320000,-0.0002
20261006,KOSPI,044450,KSS해운,34530085,50367540,-15837455,269124098000,-0.0059
20261006,KOSPI,114810,한솔아이원스,0,15938560,-15938560,432279152640,-0.0037
20261006,KOSPI,003000,부광약품,5703634,22307897,-16604263,406991767875,-0.0041
20261006,KOSPI,192650,드림텍,4627650,21948180,-17320530,633172426690,-0.0027
20261006,KOSPI,002030,아세아,2369400,19965800,-17596400,417946956000,-0.0042
20261006,KOSPI,388210,씨엠티엑스,0,18006300,-18006300,902689953000,-0.0020
20261006,KOSPI,001200,유진투자증권,3339175,21740410,-18401235,393761989170,-0.0047
20261006,KOSPI,067160,SOOP,0,19131525,-19131525,410613986400,-0.0047
20261006,KOSPI,002900,TYM,0,21583060,-21583060,271170000000,-0.0080
20261006,KOSPI,005610,삼립,0,21643400,-21643400,354220819450,-0.0061
20261006,KOSPI,126560,현대퓨처넷,0,21657835,-21657835,369099515200,-0.0059
20261006,KOSPI,003720,삼영,0,21767525,-21767525,224740000000,-0.0097
20261006,KOSPI,100250,진양홀딩스,0,21846930,-21846930,192978000000,-0.0113
20261006,KOSPI,019170,신풍제약,0,21900810,-21900810,500072699880,-0.0044
20261006,KOSPI,009290,광동제약,0,21929175,-21929175,337642698240,-0.0065
20261006,KOSPI,002710,TCC스틸,0,22453450,-22453450,389797674390,-0.0058
20261006,KOSPI,051360,토비스,0,22752890,-22752890,110080797120,-0.0207
20261006,KOSPI,122990,와이솔,0,22903905,-22903905,165173628760,-0.0139
20261006,KOSPI,004970,신라교역,0,22940970,-22940970,143040000000,-0.0160
20261006,KOSPI,272450,진에어,0,25127110,-25127110,304326000000,-0.0083
20261006,KOSPI,236200,슈프리마,0,25147900,-25147900,416366366700,-0.0060
20261006,KOSPI,241590,화승엔터프라이즈,0,26517350,-26517350,160258635020,-0.0165
20261006,KOSPI,019180,티에이치엔,0,27381360,-27381360,90900000000,-0.0301
20261006,KOSPI,001940,KISCO홀딩스,0,27513900,-27513900,363624147000,-0.0076
20261006,KOSPI,053210,스카이라이프,0,28130470,-28130470,190091820000,-0.0148
20261006,KOSPI,095660,네오위즈,8127170,36581200,-28454030,391836272490,-0.0073
20261006,KOSPI,111110,호전실업,0,29254925,-29254925,57206460000,-0.0511
20261006,KOSPI,079160,CJ CGV,21106600,51989165,-30882565,813011533270,-0.0038
20261006,KOSPI,004710,한솔테크닉스,31658845,64916320,-33257475,629626546790,-0.0053
20261006,KOSPI,460860,동국제강,79189950,113136780,-33946830,489135047620,-0.0069
20261006,KOSPI,213500,한솔제지,0,34526565,-34526565,170174118400,-0.0203
20261006,KOSPI,161390,한국타이어앤테크놀로지,499056650,534965550,-35908900,7432504140000,-0.0005
20261006,KOSPI,265520,AP시스템,0,36351980,-36351980,310799453650,-0.0117
20261006,KOSPI,122640,예스티,121022625,159374475,-38351850,725319387500,-0.0053
20261006,KOSPI,014830,유니드,21793150,61937900,-40144750,411470080000,-0.0098
20261006,KOSPI,002790,아모레퍼시픽홀딩스,86328950,126558025,-40229075,1922923227000,-0.0021
20261006,KOSPI,469610,이노테크,0,41282900,-41282900,147915566000,-0.0279
20261006,KOSPI,005880,대한해운,111182817,152739753,-41556936,653563363500,-0.0064
20261006,KOSPI,475150,SK이터닉스,193885100,235966750,-42081650,1713570301200,-0.0025
20261006,KOSPI,175330,JB금융지주,413294750,455630350,-42335600,5315871984000,-0.0008
20261006,KOSPI,264450,유비쿼스,0,42442160,-42442160,172026232890,-0.0247
20261006,KOSPI,006650,대한유화,52001200,96987250,-44986050,590200000000,-0.0076
20261006,KOSPI,005690,파미셀,36528160,81606070,-45077910,790252864380,-0.0057
20261006,KOSPI,033270,유나이티드제약,0,45104415,-45104415,280666071000,-0.0161
20261006,KOSPI,077360,덕산하이메탈,10280595,56074370,-45793775,654747198820,-0.0070
20261006,KOSPI,093050,LF,0,52295250,-52295250,687140000000,-0.0076
20261006,KOSPI,419530,SAMG엔터,0,55327750,-55327750,182813405670,-0.0303
20261006,KOSPI,170900,동아에스티,0,58297950,-58297950,340475835000,-0.0171
20261006,KOSPI,002460,HS화성,0,64165430,-64165430,110838000000,-0.0579
20261006,KOSPI,007690,국도화학,0,68854650,-68854650,355615948800,-0.0194
20261006,KOSPI,195870,해성디에스,93625400,163966800,-70341400,1130500000000,-0.0062
20261006,KOSPI,089980,상아프론테크,0,70824980,-70824980,271333957890,-0.0261
20261006,KOSPI,024110,기업은행,531508365,603499485,-71991120,16068131260350,-0.0004
20261006,KOSPI,260970,에스앤디,0,72934150,-72934150,176168718600,-0.0414
20261006,KOSPI,215200,메가스터디교육,9702550,83676025,-73973475,390250382400,-0.0190
20261006,KOSPI,039830,오로라,0,78970105,-78970105,161228092200,-0.0490
20261006,KOSPI,025540,한국단자,28764050,110232750,-81468700,557336500000,-0.0146
20261006,KOSPI,101490,에스앤에스텍,17985150,103475575,-85490425,1145683002300,-0.0075
20261006,KOSPI,353810,이지바이오,0,87089450,-87089450,195514147200,-0.0445
20261006,KOSPI,160980,싸이맥스,0,88691800,-88691800,315710622700,-0.0281
20261006,KOSPI,259960,크래프톤,1027309000,1117180000,-89871000,9141913030800,-0.0010
20261006,KOSPI,213420,덕산네오룩스,40698750,130811800,-90113050,756109400550,-0.0119
20261006,KOSPI,047050,포스코인터내셔널,1208590300,1299431000,-90840700,10080375752400,-0.0009
20261006,KOSPI,451800,한화리츠,7480595,101298740,-93818145,950084000000,-0.0099
20261006,KOSPI,053610,프로텍,0,97862200,-97862200,766800000000,-0.0128
20261006,KOSPI,170920,엘티씨,0,98428750,-98428750,465877956600,-0.0211
20261006,KOSPI,032640,LG유플러스,399285960,500857045,-101571085,6158446391320,-0.0016
20261006,KOSPI,023590,다우기술,77011650,180298725,-103287075,1653575318400,-0.0062
20261006,KOSPI,457190,이수스페셜티케미컬,260679400,364564950,-103885550,2541407135200,-0.0041
20261006,KOSPI,293940,신한알파리츠,0,104441705,-104441705,666380077730,-0.0157
20261006,KOSPI,015230,대창단조,0,108235230,-108235230,175619221400,-0.0616
20261006,KOSPI,119850,지엔씨에너지,128880300,243504950,-114624650,863567722500,-0.0133
20261006,KOSPI,010060,OCI홀딩스,3505177000,3626589750,-121412750,4564871724000,-0.0027
20261006,KOSPI,108670,LX하우시스,4422350,127150950,-122728600,294587959500,-0.0417
20261006,KOSPI,141080,리가켐바이오,1862228600,1985487150,-123258550,3094823344800,-0.0040
20261006,KOSPI,482630,삼양엔씨켐,0,126125975,-126125975,339706105600,-0.0371
20261006,KOSPI,178320,서진시스템,40465800,168305525,-127839725,2736923852550,-0.0047
20261006,KOSPI,013030,하이록코리아,0,128098875,-128098875,419534333600,-0.0305
20261006,KOSPI,032350,롯데관광개발,45247240,177976380,-132729140,867412983040,-0.0153
20261006,KOSPI,003540,대신증권,70826825,204131750,-133304925,1203569681500,-0.0111
20261006,KOSPI,218410,RFHIC,29716850,164425500,-134708650,1658307580800,-0.0081
20261006,KOSPI,395400,SK리츠,44382750,182087620,-137704870,1580342505000,-0.0087
20261006,KOSPI,365550,ESR켄달스퀘어리츠,6770595,145719095,-138948500,762875900000,-0.0182
20261006,KOSPI,018260,삼성에스디에스,3142256500,3289129250,-146872750,16907049300000,-0.0009
20261006,KOSPI,004430,송원산업,21715100,169367990,-147652890,275520000000,-0.0536
20261006,KOSPI,008770,호텔신라,1350648775,1501874075,-151225300,1528714312950,-0.0099
20261006,KOSPI,003160,디아이,236392075,393736600,-157344525,1198505000000,-0.0131
20261006,KOSPI,458870,씨어스,229168775,387926475,-158757700,1027655701600,-0.0154
20261006,KOSPI,383220,F&F,186309800,346598900,-160289100,2708310202500,-0.0059
20261006,KOSPI,086450,동국제약,0,162595585,-162595585,981500114000,-0.0166
20261006,KOSPI,033240,자화전자,63892650,227517450,-163624800,609275156400,-0.0269
20261006,KOSPI,001780,알루코,0,165868075,-165868075,159382397272,-0.1041
20261006,KOSPI,039130,하나투어,10719350,177550925,-166831575,464697960000,-0.0359
20261006,KOSPI,229640,LS에코에너지,65483950,235472000,-169988050,2064116844600,-0.0082
20261006,KOSPI,009830,한화솔루션,449361550,620747950,-171386400,8298534578400,-0.0021
20261006,KOSPI,036890,진성티이씨,14607060,186861355,-172254295,248087334980,-0.0694
20261006,KOSPI,126720,수산인더스트리,2773250,181817800,-179044550,305006100000,-0.0587
20261006,KOSPI,000500,가온전선,266599450,448929200,-182329750,9737277489000,-0.0019
20261006,KOSPI,290650,엘앤씨바이오,41980600,228704450,-186723850,1410515519200,-0.0132
20261006,KOSPI,004170,신세계,270950500,458800500,-187850000,3060238644000,-0.0061
20261006,KOSPI,003650,미창석유,0,188921400,-188921400,210848246400,-0.0896
20261006,KOSPI,000640,동아쏘시오홀딩스,0,196711200,-196711200,626798263700,-0.0314
20261006,KOSPI,052690,한전기술,307475950,517753200,-210277250,4899804000000,-0.0043
20261006,KOSPI,219130,타이거일렉,24816600,240242900,-215426300,582808967000,-0.0370
20261006,KOSPI,361610,SK아이이테크놀로지,77658830,294354890,-216696060,1479528639000,-0.0146
20261006,KOSPI,214150,클래시스,37881850,255098725,-217216875,2025567211950,-0.0107
20261006,KOSPI,138040,메리츠금융지주,1449078000,1672220750,-223142750,21688206580800,-0.0010
20261006,KOSPI,036620,감성코퍼레이션,24347315,251563160,-227215845,336986040000,-0.0674
20261006,KOSPI,241710,코스메카코리아,270586200,505970200,-235384000,1172664000000,-0.0201
20261006,KOSPI,138930,BNK금융지주,467265790,705147160,-237881370,4897162425960,-0.0049
20261006,KOSPI,098460,고영,552109200,796706400,-244597200,2462172089300,-0.0099
20261006,KOSPI,330860,네패스아크,0,254654250,-254654250,414257530000,-0.0615
20261006,KOSPI,042520,한스바이오메드,14585845,272189150,-257603305,316602347400,-0.0814
20261006,KOSPI,441270,파인엠텍,8081870,284683845,-276601975,400510211750,-0.0691
20261006,KOSPI,030000,제일기획,239296590,532890895,-293594305,2142067609500,-0.0137
20261006,KOSPI,277810,레인보우로보틱스,208599500,505917500,-297318000,9001534112000,-0.0033
20261006,KOSPI,035900,JYP Ent.,21744900,342622450,-320877550,1344904822200,-0.0239
20261006,KOSPI,031430,신세계인터내셔날,3315970,329073595,-325757625,366653280000,-0.0888
20261006,KOSPI,005387,현대차2우B,19876150,347094750,-327218600,6108031480100,-0.0054
20261006,KOSPI,005090,SGC에너지,131526500,465608200,-334081700,694529850600,-0.0481
20261006,KOSPI,417200,LS머트리얼즈,11937940,348423490,-336485550,1066205905840,-0.0316
20261006,KOSPI,204620,글로벌텍스프리,33410625,386916940,-353506315,379529982000,-0.0931
20261006,KOSPI,022100,포스코DX,109191430,480480400,-371288970,3329560565100,-0.0112
20261006,KOSPI,126340,비나텍,0,386508150,-386508150,667060460600,-0.0579
20261006,KOSPI,051600,한전KPS,171177650,563961175,-392783525,2029500000000,-0.0194
20261006,KOSPI,450080,에코프로머티,1176483425,1569466025,-392982600,2807769945500,-0.0140
20261006,KOSPI,011170,롯데케미칼,159274650,572535650,-413261000,2617855642800,-0.0158
20261006,KOSPI,489790,한화비전,366434900,804402400,-437967500,2579956729000,-0.0170
20261006,KOSPI,089890,코세스,0,446449400,-446449400,587107654800,-0.0760
20261006,KOSPI,107640,한중엔시에스,0,462129400,-462129400,411548548400,-0.1123
20261006,KOSPI,381970,케이카,0,480000945,-480000945,304642091520,-0.1576
20261006,KOSPI,323410,카카오뱅크,823690350,1309631350,-485941000,9532866331260,-0.0051
20261006,KOSPI,267260,HD현대일렉트릭,8343012500,8832970000,-489957500,24584146070000,-0.0020
20261006,KOSPI,020000,한섬,1471745,492344670,-490872925,462829220700,-0.1061
20261006,KOSPI,003670,포스코퓨처엠,6244998550,6747337650,-502339100,18278448210000,-0.0027
20261006,KOSPI,011780,금호석유화학,269547100,780082900,-510535800,2978627280000,-0.0171
20261006,KOSPI,128940,한미약품,967998500,1571244250,-603245750,6712959284000,-0.0090
20261006,KOSPI,490470,세미파이브,0,609654000,-609654000,738352048000,-0.0826
20261006,KOSPI,328130,루닛,6902780,635929660,-629026880,824252052600,-0.0763
20261006,KOSPI,307950,현대오토에버,401735500,1116475750,-714740250,10626793025000,-0.0067
20261006,KOSPI,353200,대덕전자,585779400,1402300550,-816521150,7800461611250,-0.0105
20261006,KOSPI,491000,리브스메드,0,824554525,-824554525,967276879300,-0.0852
20261006,KOSPI,241560,두산밥캣,312591050,1181175900,-868584850,5291254788000,-0.0164
20261006,KOSPI,003230,삼양식품,3479281000,4375001500,-895720500,9032084985000,-0.0099
20261006,KOSPI,240810,원익IPS,3178159250,4097639350,-919480100,6950280381600,-0.0132
20261006,KOSPI,042700,한미반도체,9750845250,10683145000,-932299750,26449135500000,-0.0035
20261006,KOSPI,295310,에이치브이엠,42084150,1068948300,-1026864150,964917053400,-0.1064
20261006,KOSPI,145020,휴젤,66581500,1220088500,-1153507000,2262743278400,-0.0510
20261006,KOSPI,417840,저스템,0,1155543445,-1155543445,445165611400,-0.2596
20261006,KOSPI,034730,SK,5157296500,6328969000,-1171672500,42414081255000,-0.0028
20261006,KOSPI,204320,HL만도,945399950,2146575600,-1201175650,2221071776000,-0.0541
20261006,KOSPI,055550,신한지주,13831899350,15034302800,-1202403450,48541154712600,-0.0025
20261006,KOSPI,002380,KCC,279936250,1492358750,-1212422500,4090218496000,-0.0296
20261006,KOSPI,139480,이마트,261563100,1488451550,-1226888450,1978620222300,-0.0620
20261006,KOSPI,010140,삼성중공업,4539631575,5796166585,-1256535010,17300800000000,-0.0073
20261006,KOSPI,011070,LG이노텍,12084772000,13362599500,-1277827500,15194282694000,-0.0084
20261006,KOSPI,103590,일진전기,228210750,1525919600,-1297708850,4177240164000,-0.0311
20261006,KOSPI,006260,LS,2216929000,3591323500,-1374394500,9313200000000,-0.0148
20261006,KOSPI,005290,동진쎄미켐,469872150,1879863050,-1409990900,2655543564600,-0.0531
20261006,KOSPI,298020,효성티앤씨,298302250,1736584250,-1438282000,1255027780000,-0.1146
20261006,KOSPI,069960,현대백화점,306038700,1868056600,-1562017900,1886929800000,-0.0828
20261006,KOSPI,011790,SKC,755275100,2330125350,-1574850250,5540129886600,-0.0284
20261006,KOSPI,000810,삼성화재,5165778500,6784575500,-1618797000,28127907990000,-0.0058
20261006,KOSPI,420770,기가비스,2880726600,4651997550,-1771270950,1709959754200,-0.1036
20261006,KOSPI,010120,LS ELECTRIC,8023328200,9806270750,-1782942550,32400000000000,-0.0055
20261006,KOSPI,047810,한국항공우주,3448049200,5407951850,-1959902650,12574288803000,-0.0156
20261006,KOSPI,079550,LIG디펜스앤에어로스페이스,16175265000,18182149500,-2006884500,15444000000000,-0.0130
20261006,KOSPI,000150,두산,7027936500,9068661000,-2040724500,23642999100000,-0.0086
20261006,KOSPI,237690,에스티팜,101353000,2169838150,-2068485150,2016683230800,-0.1026
20261006,KOSPI,007810,코리아써키트,77655250,2312596050,-2234940800,2115267084000,-0.1057
20261006,KOSPI,068270,셀트리온,11407864200,13728300500,-2320436300,42313064314400,-0.0055
20261006,KOSPI,035720,카카오,4437152850,6814085625,-2376932775,14818346755350,-0.0160
20261006,KOSPI,476830,알지노믹스,10854325,2398969125,-2388114800,831843677400,-0.2871
20261006,KOSPI,014680,한솔케미칼,315376900,2768886400,-2453509500,2962962882000,-0.0828
